title,location,Price,Rating
bedouin city camp & tours,Wadi Rum,JOD9,4
City Citadel Hotel,Amman,JOD30,2
Petra Desert Dream Hotel,Wadi Musa,JOD45,3
Petra Cabin Hostel,Wadi Musa,JOD16,1
Hotel Prestige,Aqaba,JOD20,5
Desert bedouin adventures,Wadi Rum,JOD11,0
Bedouin Lifestyle Camp,Wadi Rum,JOD12,5
Wadi Rum Camp& Jeep Tour,Wadi Rum,JOD19,5
Bedouin host camp& with tour,Wadi Rum,JOD1,1
Wadi Rum Fire Camp,Wadi Rum,JOD4,0
Rum Stars camp,Wadi Rum,JOD15,3
Wadi Rum Desert Adventures,Wadi Rum,JOD18,4
Bedouin Tours Camp,Wadi Rum,JOD20,5
Wadi Rum Magic Nature Camp,Wadi Rum,JOD29,4
La Casa Hotel - Amman by FHM,Amman,JOD51,4
Margarita Hotel,Amman,JOD30,3
My Luxury Hotel,Aqaba,JOD75,4
Rahayeb Desert Camp,Wadi Rum,JOD71,3
Desert shine camp,Wadi Rum,JOD16,5
Wadi Rum Desert Home,Wadi Rum,JOD22,0
Desert Rose Camp,Wadi Rum,JOD17,5
Wadi Rum Moon Camp,Wadi Rum,JOD8,0
Martian desert Camp,Wadi Rum,JOD20,0
Red planet adventures camp,Wadi Rum,JOD7,0
"The Blue House ""Gerasa""",Jerash,JOD23,1
Bedouin Nights Camp,Wadi Rum,JOD20,2
Moon city camp,Wadi Rum,JOD6,1
Nights Dreams Camp & tours,Wadi Rum,JOD18,3
Mohammed Mutlak Camp,Wadi Rum,JOD14,4
Ajnadeen Hotel,Irbid,JOD35,2
Star Walk Camp & Tours,Wadi Rum,JOD18,4
Ruins Wall Hotel&Hostel - Ruins View,Jerash,JOD27,4
Desert guide camp,Wadi Rum,JOD40,3
Florist Camp,Wadi Rum,JOD4,5
Wadi Rum Jordan Camp,Wadi Rum,JOD16,3
Sandy Palace Hotel,Amman,JOD45,4
Little Petra Bedouin Camp,Al Ḩayy,JOD40,5
Wadi Rum Legend camp,Wadi Rum,JOD60,5
Wadi Rum Cave Camp &Jeep Tour,Wadi Rum,JOD33,3
Petra Nights Hotel,Wadi Musa,JOD32,3
Wadi Rum Sky Tours & Camp,Wadi Rum,JOD12,4
Wadi Rum Beduland Camp,Wadi Rum,JOD16,4
Malakot Inn,Al Quwayrah,JOD30,3
Strand Hotel Jordan,Amman,JOD45,4
The Conroy Boutique Hotel,Amman,JOD38,3
Petra Plaza Hotel,Wadi Musa,JOD47,4
Fairmont Amman,Amman,JOD155,5
New MerryLand Hotel,Amman,JOD42,3
Zaina Plaza Hotel,Amman,JOD25,2
Wadi Rum Desert Heart Camp,Wadi Rum,JOD1,3
Nomads Hotel Petra,Wadi Musa,JOD44,3
Candles Camp,Wadi Rum,JOD25,0
Harir Palace Hotel,Amman,JOD61,4
Amman Pasha Hotel,Amman,JOD26,2
Dar Gerasa Chalets,Jerash,JOD95,3
"InterContinental Jordan, an IHG Hotel",Amman,JOD130,5
Hilton Dead Sea Resort & Spa,Sowayma,JOD138,5
Panorama Amman Hotel,Amman,JOD28,3
Toledo Amman Hotel,Amman,JOD57,4
"Al Manara, a Luxury Collection Hotel, Aqaba",Aqaba,JOD270,5
Ata Ali Hotel,Wadi Musa,JOD47,3
Dweik Hotel 2,Aqaba,JOD28,3
DoubleTree by Hilton Hotel Aqaba,Aqaba,JOD80,5
Nahas Plaza,Irbid,JOD48,5
Pilgrim's Guest House,Madaba,JOD34,2
Petra Heart Hotel,Wadi Musa,JOD61,3
Lijam Hotel,Amman,JOD47,4
Petra Sky Hotel,Wadi Musa,JOD43,3
Dead Sea Marriott Resort & Spa,Sowayma,JOD159,5
Geneva Hotel,Amman,JOD56,4
Al Zaitouna Hotel,Aqaba,JOD38,3
Naylover Hotel Suites,Amman,JOD34,2
Joy of Life - Wadi Rum Camp,Wadi Rum,JOD53,2
Mövenpick Hotel Amman,Amman,JOD85,5
Holyland Hotel,Amman,JOD38,3
Valentine Inn Luxury,Wadi Musa,JOD18,3
Grand Hyatt Amman,Amman,JOD99,5
"Holiday Inn Resort Dead Sea, an IHG Hotel",Sowayma,JOD120,5
Hyatt Regency Aqaba Ayla Resort,Aqaba,JOD230,5
Viola Hotel Suites,Amman,JOD44,3
Wadi Rum Nature Tours And Camp,Wadi Rum,JOD30,0
Ream Hotel Amman,Amman,JOD45,3
Sulaf Luxury Hotel,Amman,JOD71,4
Virginia Hotel,Amman,JOD29,3
Tilal Almadina Hotel & Suites,Amman,JOD49,3
Quiet Bedouin Village Camp,Wadi Rum,JOD7,0
Abjar Hotel,Amman,JOD48,3
Century Park Hotel,Amman,JOD42,4
Wadi Rum Quiet Village Camp,Wadi Rum,JOD30,5
Desert Moon Camp,Wadi Rum,JOD12,0
Amro Petra Apartment,Wadi Musa,JOD30,2
Grand Hotel Amman,Amman,JOD88,5
Arena Desert Camp & Adventurers,Wadi Rum,JOD43,5
Petra Corner Hotel,Wadi Musa,JOD65,3
Petra Sofsaf Hotel,Wadi Musa,JOD46,2
Kempinski Hotel Amman,Amman,JOD93,5
Amra Palace International Hotel,Wadi Musa,JOD47,3
Khuttar Apartment,Amman,JOD42,2
Zeina Desert Lodge,Wadi Rum,JOD77,5
Bedouin Garden Village,Aqaba,JOD45,3
Bedouin Experience Camp,Wadi Rum,JOD14,5
Wadi Rum Camp & Tours,Wadi Rum,JOD23,5
Easy Inn Hotel Suites,Amman,JOD38,3
Sama Paris Hotel,Amman,JOD33,3
Bristol Hotel,"Abdoun, Amman",JOD78,5
Mövenpick Resort & Spa Tala Bay Aqaba,Aqaba,JOD245,5
Petra View Hostel,Wadi Musa,JOD83,1
AlQasr Metropole Hotel,Amman,JOD78,4
"InterContinental Aqaba, an IHG Hotel",Aqaba,JOD220,5
MENA Tyche Hotel Amman,Amman,JOD70,4
Tetra Tree Hotel,Wadi Musa,JOD41,4
Jamal Rum Camp,Wadi Rum,JOD20,0
Yafko Hotel,Aqaba,JOD40,3
Artal Hotel,Amman,JOD50,3
Aqaba Adventure Divers Village,Aqaba,JOD45,3
Nairoukh Hotel Aqaba,Aqaba,JOD39,4
سما عمان للشقق الفندقية Sama Amman,Amman,JOD52,3
Margarita Furnished Apartments,Amman,JOD40,4
"Crowne Plaza Amman, an IHG Hotel",Amman,JOD99,5
Wadi Rum Golden Sands Camp,Wadi Rum,JOD10,4
Janty Apartments,Amman,JOD86,5
Obeid's Bedouin Life Camp,Wadi Rum,JOD29,0
Four Seasons Hotel Amman,Amman,JOD190,5
Khalid's Beduin Authentic Camp,Wadi Rum,JOD18,2
Amman Marriott Hotel,Amman,JOD91,5
Petra Wassaif Camp,Wadi Musa,JOD40,1
Downtown Hotel Apartments,Amman,JOD68,4
Shams Alweibdeh Hotel Apartments,Amman,JOD60,3
Mövenpick Resort Petra,Wadi Musa,JOD293,5
"Crowne Plaza Jordan Dead Sea Resort & Spa, an IHG Hotel",Sowayma,JOD145,5
Rakan Apartments,Wadi Musa,JOD33,1
Mövenpick Nabatean Castle Hotel,Wadi Musa,JOD119,5
Dair Ghbar Apartment,Amman,JOD57,2
Real Bedouin Experience Tours & Camp,Wadi Rum,JOD50,2
Monarch Hotel Amman,Amman,JOD63,4
Public Security Hotel & Chalets,Aqaba,JOD55,4
Seven Wonders Hotel,Wadi Musa,JOD79,3
Discover the life of Wadi Rum,Wadi Rum,JOD28,0
Jerusalem Doors Hotel Apartments,Amman,JOD53,5
Comfort Hotel Suites,Amman,JOD25,3
Gedara Guesthouse: enjoy unforgettable scenes,Umm Qays,JOD104,1
Big Ben Hotel Suites,Amman,JOD30,4
JAD chalet,Al Kafrayn,JOD221,2
Triple A Hotel Suites,Amman,JOD67,1
Balcony Hotel,Amman,JOD34,3
Suzan Studios & Apartments,Amman,JOD30,4
Hayat Zaman Hotel And Resort Petra,Wadi Musa,JOD174,5
Wadirum desert tours camp,Wadi Rum,JOD9,4
Sofia Suites Hotel,Amman,JOD36,3
Bedouin Desert camp,Wadi Rum,JOD15,5
Comfort Hotel Suites,Amman,JOD25,3
Gedara Guesthouse: enjoy unforgettable scenes,Umm Qays,JOD104,0
Big Ben Hotel Suites,Amman,JOD30,4
JAD chalet,Al Kafrayn,JOD221,2
Triple A Hotel Suites,Amman,JOD61,0
Balcony Hotel,Amman,JOD34,3
Suzan Studios & Apartments,Amman,JOD30,0
Hayat Zaman Hotel And Resort Petra,Wadi Musa,JOD160,5
Wadirum desert tours camp,Wadi Rum,JOD9,0
Sofia Suites Hotel,Amman,JOD36,3
Bedouin Desert camp,Wadi Rum,JOD15,5
Aljamal Hotel,Amman,JOD45,0
Petra Palace Hotel,Wadi Musa,JOD69,3
Little Petra Heritage Village,Wadi Musa,JOD38,3
Faraseen Apartments,Al Qasţal,JOD43,0
Zarb Desert Camp,Wadi Rum,JOD11,0
Wadi Rum Nature Life Tours,Wadi Rum,JOD15,1
Milky Way Bedouin Camp,Wadi Rum,JOD30,5
Desert Mars Camp & Tours,Wadi Rum,JOD10,5
Qaser Al-Sultan Hotel Suites,Amman,JOD80,2
Khaled's Camp,Wadi Rum,JOD9,1
Space Village Luxury Camp,Wadi Rum,JOD110,5
Salma Camp,Wadi Rum,JOD30,1
Wadirum bedouin live camp,Wadi Rum,JOD6,1
Rotana camp & desert tour's,Wadi Rum,JOD13,1
Suzan Studios & Apartments,Amman,JOD30,4
Hayat Zaman Hotel And Resort Petra,Wadi Musa,JOD166,5
Wadirum desert tours camp,Wadi Rum,JOD9,5
Sofia Suites Hotel,Amman,JOD36,3
Bedouin Desert camp,Wadi Rum,JOD15,3
Aljamal Hotel,Amman,JOD45,5
Petra Palace Hotel,Wadi Musa,JOD71,3
Little Petra Heritage Village,Wadi Musa,JOD38,5
Faraseen Apartments,Al Qasţal,JOD44,1
Zarb Desert Camp,Wadi Rum,JOD11,0
Wadi Rum Nature Life Tours,Wadi Rum,JOD15,1
Milky Way Bedouin Camp,Wadi Rum,JOD30,4
Desert Mars Camp & Tours,Wadi Rum,JOD10,1
Qaser Al-Sultan Hotel Suites,Amman,JOD80,4
Khaled's Camp,Wadi Rum,JOD9,3
Space Village Luxury Camp,Wadi Rum,JOD114,0
Salma Camp,Wadi Rum,JOD30,4
Wadirum bedouin live camp,Wadi Rum,JOD6,3
Rotana camp & desert tour's,Wadi Rum,JOD13,4
Yalla Rum Camp,Wadi Rum,JOD11,1
Oasis Bedouin Camp,Wadi Rum,JOD18,2
Desert Nights Camp,Wadi Rum,JOD1,1
Skylight apartments,Amman,JOD41,0
Wadi rum Campsite & Tours,Wadi Rum,JOD5,4
Panorama Al-Jabel,Az Zarqa,JOD50,2
Wadi Rum Tours Camp,Wadi Rum,JOD15,2
Bait Alaqaba dive center & resort,Aqaba,JOD30,2
مخيم الجبال البرونزية,Wadi Rum,JOD10,2
Tala bay aqaba apartments,Aqaba,JOD130,0
Seven Roses Hotel,Amman,JOD50,4
Wadi rum galaxy camp,Wadi Rum,JOD4,4
Bedouin memories camp,Wadi Rum,JOD6,4
Wadi Rum Blue Sky & Tours,Wadi Rum,JOD5,2
Orient House Hotel Suites & Apartments بيت الشرق للشقق الفندقية,Amman,JOD40,3
Red Desert Camp,Wadi Rum,JOD9,1
Authentic Wadi Rum Camp,Wadi Rum,JOD8,0
Bedouin Holidays Camp and Jeep Tours,Wadi Rum,JOD20,0
Bedouin friend camp,Wadi Rum,JOD12,3
Wadi rum desert breath,Wadi Rum,JOD14,2
Desert Bird Camp,Wadi Rum,JOD11,4
فندق وشقق زارا,Irbid,JOD20,2
Ajloun Mihna guest house,Ajloun,JOD28,3
Cairwan Hotel,Kerak,JOD18,1
Murshed Motel,Ash Shūnah ash Shamālīyah,JOD45,0
Rafi Hotel,Amman,JOD32,5
MoonRock Camp,Wadi Rum,JOD10,3
Azraq Rest House,Al Azraq ash Shamālī,JOD48,3
desert spring camp,Wadi Rum,JOD3,2
Meneur Hotel,Amman,JOD35,3
Ajloun Hotel,Ajloun,JOD29,2
Wadi Rum Night Luxury Camp,Wadi Rum,JOD243,2
Virginia Hotel,Amman,JOD32,3
Bedouin Heritage Camp,Wadi Rum,JOD14,1
Tilal Almadina Hotel & Suites,Amman,JOD49,3
Gardens Hotel,Amman,JOD27,3
Shepherd Hotel,Amman,JOD45,3
Panorama Wadi Rum,Wadi Rum,JOD10,5
Quiet Bedouin Village Camp,Wadi Rum,JOD8,4
Abjar Hotel,Amman,JOD48,3
Century Park Hotel,Amman,JOD42,4
Sea view hotel,Aqaba,JOD63,3
Wadi Rum Quiet Village Camp,Wadi Rum,JOD30,5
Petra Guest House Hotel,Wadi Musa,JOD180,4
Desert Moon Camp,Wadi Rum,JOD12,2
The St. Regis Amman,"Abdoun, Amman",JOD176,5
Amro Petra Apartment,Wadi Musa,JOD30,5
Amman Palace Hotel,Amman,JOD18,2
Rumman Hotel,Madaba,JOD33,1
Grand Hotel Amman,Amman,JOD87,5
Arena Desert Camp & Adventurers,Wadi Rum,JOD46,3
Bedouin Westeros,Wadi Rum,JOD3,0
Petra Corner Hotel,Wadi Musa,JOD65,3
Amman Ambiance Hotel ,Amman,JOD32,3
Petra Sofsaf Hotel,Wadi Musa,JOD46,2
Normas Hotel,Amman,JOD14,1
New Luxurious Modern Studio,Jerash,JOD23,0
Infinity Lodge,Wadi Musa,JOD75,3
Nobel Hotel,Amman,JOD19,4
Wadi Ghwere Camp مخيم وادي الغوير,Al Khuraybah,JOD70,1
Wadi Rum Desert Colored,Wadi Rum,JOD10,5
Aied Camp with tour,Wadi Rum,JOD11,1
La Riva Hotel,Aqaba,JOD38,3
Taj Wadi Rum camp,Wadi Rum,JOD13,2
Lancaster Hotel Apartments-Gardens,Amman,JOD28,3
moon valley site jerash,Jerash,JOD22,4
The North jewel,Ajloun,JOD59,1
Al-Mujeb,Kerak,JOD37,3
AlQimah Serviced Apartments,Amman,JOD25,3
Al Midan Hotel,Amman,JOD30,5
ODIBAT STUDIOES,Jerash,JOD27,1
Jordan River Hotel,Amman,JOD11,1
Antika Amman Hotel,Amman,JOD42,2
مزرعة الخيال,Al Maşţabah,JOD149,3
Canary Boutique Hotel,Amman,JOD64,3
Zaman Ya Zaman Boutique Hotel,Amman,JOD35,2
The flower of life in Wadi Rum,Wadi Rum,JOD15,1
Beit Al Baraka,Umm Qays,JOD129,1
Black Iris Hotel,Madaba,JOD42,3
Concord Hotel,Amman,JOD21,2
Al Amer Hostel,Aqaba,JOD27,3
Rocky Mountain Hotel,Wadi Musa,JOD26,5
Jordan Seasons Hotel,Aqaba,JOD46,4
Tell Madaba Hotel,Madaba,JOD30,1
Moses Residence,Wadi Musa,JOD46,2
Bedouin Tribal Camp,Wadi Rum,JOD30,3
Al Qatal Building,Al Qasţal,JOD30,4
Bedouin host camp& with tour,Wadi Rum,JOD1,1
Amman Rotana,Amman,JOD109,5
Seas Hotel Amman,Amman,JOD53,4
Wadi Rum Fire Camp,Wadi Rum,JOD4,2
Rum Stars camp,Wadi Rum,JOD15,0
Jordan Tower Hotel,Amman,JOD18,1
The Y Hotel,Amman,JOD40,3
Wadi Rum Desert Adventures,Wadi Rum,JOD18,4
Coral Tower Hotel by Hansa,Amman,JOD62,4
Petra Boutique Hotel,Wadi Musa,JOD74,4
Bedouin Tours Camp,Wadi Rum,JOD20,4
Wadi Rum Bedouin Tour with a Camp,Wadi Rum,JOD7,2
Siesta Guest House,Wadi Musa,JOD11,2
Happy Night House,Wadi Musa,JOD17,3
Turquoise furnished Apartments,Amman,JOD20,5
Ramada Resort Dead Sea,Sowayma,JOD62,4
The Compass Hotel,Amman,JOD55,3
Aqaba Roza,Aqaba,JOD13,3
Bashtamal Hotel Suites,Amman,JOD30,2
Turquoise furnished Apartments,Amman,JOD20,2
Ramada Resort Dead Sea,Sowayma,JOD67,4
The Compass Hotel,Amman,JOD55,3
Aqaba Roza,Aqaba,JOD13,5
Bashtamal Hotel Suites,Amman,JOD30,2
City Center Hostel,Aqaba,JOD16,2
chalet شاليه,Al Kafrayn,JOD250,3
Caravan Hotel,Amman,JOD32,2
Al Naser Hotel,Amman,JOD20,3
Town Season Hotel,Wadi Musa,JOD58,3
Saray Hotel Amman,Amman,JOD45,4
Gerasa Hotel,Amman,JOD40,4
Anbat Midtown Hotel,Wadi Musa,JOD22,2
Citadel Rooms Apartment الغير سباحي,Amman,JOD25,3
Castle House,Kerak,JOD17,1
The Old Village Hotel & Resort,Wadi Musa,JOD150,5
Celino Hotel,Amman,JOD45,3
Days Inn Hotel & Suites Amman,Amman,JOD50,4
Crystal Hotel,Aqaba,JOD40,3
RAWA'AT ALAQABA,Aqaba,JOD25,2
Sunset Hotel,Wadi Musa,JOD45,3
The Boulevard Arjaan by Rotana,Amman,JOD100,5
Zawaideh desert Camp,Wadi Rum,JOD32,3
Moon Night Camp,Wadi Rum,JOD7,0
Tala Bay Residence,Aqaba,JOD175,4
RAWA'AT ALAQABA,Aqaba,JOD25,2
Sunset Hotel,Wadi Musa,JOD45,3
The Boulevard Arjaan by Rotana,Amman,JOD100,5
Zawaideh desert Camp,Wadi Rum,JOD32,2
Moon Night Camp,Wadi Rum,JOD7,1
Tala Bay Residence,Aqaba,JOD175,4
Arabesque Hotel,Amman,JOD29,3
Mansour Hotel,Amman,JOD10,2
Sharah Mountains Hotel,Wadi Musa,JOD40,3
Lacosta Hotel,Aqaba,JOD80,4
Seven Wonders Luxury Camp,Wadi Musa,JOD75,1
Kempinski Hotel Aqaba,Aqaba,JOD270,5
Dana Tower Hotel,Dana,JOD55,4
Art Hotel Downtown,Amman,JOD52,2
Cloud7 Residences Ayla Aqaba,Aqaba,JOD200,4
Sadeen Amman Hotel,Amman,JOD32,4
Weekend Hotel,Aqaba,JOD23,3
Bubble RumCamp,Wadi Rum,JOD110,0
Petra Rest Home,Wadi Musa,JOD45,5
Bedouin Heritage Camp,Wadi Rum,JOD14,2
Gardens Hotel,Amman,JOD27,3
Shepherd Hotel,Amman,JOD45,3
Panorama Wadi Rum,Wadi Rum,JOD10,5
Sea view hotel,Aqaba,JOD63,3
Petra Guest House Hotel,Wadi Musa,JOD180,4
Desert Melody,Wadi Rum,JOD20,2
Al Jamal Suites,Amman,JOD27,3
Sunset Oasis Camp,Aqaba,JOD22,3
Dair Ghbar Gate Apartments,Amman,JOD40,4
Ma'in Hot Springs,Sowayma,JOD240,5
Solaris Wadi Rum camp,Wadi Rum,JOD6,4
Abu Alsoud Hotel,Amman,JOD27,0
Petra Wassaif Camp,Wadi Musa,JOD40,5
Dead Sea Spa Hotel,Sowayma,JOD77,4
Downtown Hotel Apartments,Amman,JOD68,4
Shams Alweibdeh Hotel Apartments,Amman,JOD60,0
Lilac Hotel - Amman,Amman,JOD59,4
Sufara Hotel Suites,Amman,JOD28,3
Mövenpick Resort Petra,Wadi Musa,JOD293,5
P Quattro Relax Hotel,Wadi Musa,JOD140,4
Rozana Hotel Suite,Amman,JOD35,3
Ayass Hotel,Amman,JOD61,4
WADI RUM-Bedouin Tents,Wadi Rum,JOD20,4
Russian Pilgrim Residence,Sowayma,JOD108,4
Aqaba Gulf Hotel,Aqaba,JOD50,4
Beyond Wadi Rum Camp,Wadi Rum,JOD25,0
"Crowne Plaza Jordan Dead Sea Resort & Spa, an IHG Hotel",Sowayma,JOD145,5
Rakan Apartments,Wadi Musa,JOD33,3
Mövenpick Nabatean Castle Hotel,Wadi Musa,JOD119,5
Al Farooq Hotel Apartments,Amman,JOD34,0
La Locanda Boutique Hotel,Amman,JOD74,3
Kindi Suite Hotel - فندق واجنحة الكندى,Amman,JOD33,3
Aqaba Qazar Hotel,Aqaba,JOD11,1
seven7days hotel,Aqaba,JOD28,0
Rakeen Hotel,Amman,JOD38,3
Atlantis Rum Camp,Wadi Rum,JOD4,1
Al Khaleej Hotel Apartments,Amman,JOD23,3
Wadi Rum Green Desert,Wadi Rum,JOD17,5
Sharah Luxury Camp,Wadi Rum,JOD57,2
Diyarkom Apartment,Amman,JOD41,4
Thara Real Estate,Sowayma,JOD57,0
Panda Hotel Apartments,Amman,JOD31,1
Oryx Hotel Aqaba,Aqaba,JOD86,5
Wadi Rum,Wadi Rum,JOD15,5
Dana Moon Hostel,Dana,JOD25,2
City Tower Hotel,Aqaba,JOD62,4
Shweiki International Hotel,Aqaba,JOD29,2
Grand Hotel Madaba,Madaba,JOD57,4
Thousand Nights Hotel,Amman,JOD65,5
Petra Sella Hotel,Wadi Musa,JOD48,4
Jardaneh Hotel,Aqaba,JOD29,3
Wadi Rum local camp,Wadi Rum,JOD2,3
Al Amer Hostel 2,Aqaba,JOD25,0
Panoramic View,Wadi Musa,JOD13,2
Grand Tala Bay Resort Aqaba,Aqaba,JOD175,5
Le Vendome Hotel,Amman,JOD36,4
Petra 555,Wadi Musa,JOD70,1
Golden Rose Hotel,Aqaba,JOD27,2
Shadi flat airport road,Umm al Kundum,JOD31,0
Bedouin host stars,Wadi Rum,JOD1,0
bedouin future camp,Wadi Rum,JOD10,3
Petra Visitors Apartments,Wadi Musa,JOD32,2
Sunset Oasis Camp,Aqaba,JOD22,1
Dair Ghbar Gate Apartments,Amman,JOD40,2
Abu Alsoud Hotel,Amman,JOD27,4
Dead Sea Spa Hotel,Sowayma,JOD70,4
Lilac Hotel - Amman,Amman,JOD59,4
Sufara Hotel Suites,Amman,JOD28,3
P Quattro Relax Hotel,Wadi Musa,JOD140,4
Rozana Hotel Suite,Amman,JOD35,3
Ayass Hotel,Amman,JOD56,4
WADI RUM-Bedouin Tents,Wadi Rum,JOD20,3
Russian Pilgrim Residence,Sowayma,JOD99,4
Aqaba Gulf Hotel,Aqaba,JOD50,4
Al Farooq Hotel Apartments,Amman,JOD34,2
Robou Al Sharq,Amman,JOD30,4
فندق النهر الخالد,Aqaba,JOD25,3
Alblwi Camp,Wadi Rum,JOD20,1
Crystal House,Wadi Musa,JOD30,5
Wadi Rum Desert Lovers Camp,Wadi Rum,JOD10,1
Grand Palace Hotel,Amman,JOD59,4
Rum Art Hotel,Amman,JOD34,3
Jawharet Alswefiah Hotel Suites,Amman,JOD35,4
Al Rashid Hotel,Wadi Musa,JOD32,1
sand magic camp,Wadi Rum,JOD15,1
Nights With Bedouin & Jeep Tours,Wadi Rum,JOD10,5
Wadi Rum waves camp,Wadi Rum,JOD24,2
Ein lahda camp-site,Dana,JOD25,1
King desert,Wadi Rum,JOD26,3
Oriental Chalet,Al Rama,JOD218,2
Jad Hotel Suites,Amman,JOD72,4
Gedara Guesthouse: enjoy unforgettable scenes,Umm Qays,JOD104,4
Wadi rum echo camp,Wadi Rum,JOD10,5
b&b petrafarmhouse,Wadi Musa,JOD50,4
Casablanca furnished apartment-كازابلانكا للشقق الفندقية,Aqaba,JOD41,3
Petra Guests Hotel,Wadi Musa,JOD19,4
Bedouin Roads,Wadi Rum,JOD10,0
Landscape Rum Camp,Wadi Rum,JOD15,4
Al Fawanes Hotel Apartments,Amman,JOD26,1
Over Mountains Hotel,Wadi Musa,JOD41,3
JAD chalet,Al Kafrayn,JOD221,3
Red Sea Dive Center,Aqaba,JOD75,0
Wateen Home,Wadi Musa,JOD14,5
Wadi Rum desert breeze,Wadi Rum,JOD14,1
Sultan Home,Wadi Musa,JOD23,1
Wadi Rum desert breeze,Wadi Rum,JOD14,4
Sultan Home,Wadi Musa,JOD23,0
Mussa Spring Hotel,Wadi Musa,JOD10,4
Omar Apartment,Wadi Musa,JOD25,5
Golden Palace Hotel Apartments,Amman,JOD35,2
Barta Valley Tourism Camp,Madaba,JOD50,0
Wadi rum secrets camp,Wadi Rum,JOD6,4
Wadi rum adventure tours &camp,Wadi Rum,JOD18,3
Bright stars rum camp,Wadi Rum,JOD24,1
Sindyan Resort,Amman,JOD69,4
Granada Suites Hotel,Amman,JOD45,1
"Shahrazad desert, Wadi Rum",Wadi Rum,JOD20,2
Jubaiha Apartment-Fmilies only,Amman,JOD46,5
Cleopetra Hotel,Wadi Musa,JOD29,3
Amer 1 Hotel,Aqaba,JOD25,2
33hotelamman,Amman,JOD40,3
Petra Main Gate,Wadi Musa,JOD30,1
Basher & Bedouin camp,Wadi Rum,JOD12,3
wadi rum sand storm camp,Wadi Rum,JOD24,0
NATROSE HOTEL APARTMENT,Amman,JOD27,3
Mesha Stele Hotel Apartments,Madaba,JOD32,4
Masaya Al Deyar Apartments,Amman,JOD29,0
Al Anbat Hotel & Restaurant,Wadi Musa,JOD60,3
Two Bedroom Shmeisani Apartment,Amman,JOD60,5
Bedouin Expedition,Wadi Rum,JOD10,3
Riviera Hotel,Amman,JOD28,5
Zarb Desert Camp,Wadi Rum,JOD11,0
Madina Suites,Amman,JOD35,4
Serenity hotel,Aqaba,JOD22,1
Petra Town Check-In,Wadi Musa,JOD30,2
Bronze Mountains Camp Wadi Rum,Aqaba,JOD23,5
bedouin life camp,Wadi Rum,JOD27,1
Rum camp and tours,Wadi Rum,JOD6,4
Horizon,Wadi Musa,JOD25,4
Bouded Homestay,Wadi Musa,JOD16,3
Jordan Tracks Bedouin Camp,Wadi Rum,JOD25,1
Over theater,Amman,JOD35,0
Million star camp,Wadi Rum,JOD3,0
Wadi Rum Maracanã camp,Aqaba,JOD25,2
Happy Family House,Wadi Musa,JOD30,0
LEXASH,Amman,JOD31,3
Nomads Rum Camp,Wadi Rum,JOD20,1
Double Key by HR,Amman,JOD100,2
Wadi Rum Desert Base Camp,Wadi Rum,JOD16,2
Ammarin Bedouin Camp,Wadi Musa,JOD70,5
Hawa Amman Hotel Downtown,Amman,JOD21,2
Furnished Apartments Near McDonald's Al-Madina Al-Monawara St,Amman,JOD18,2
Panorama Al-Jabel,Az Zarqa,JOD50,2
Nael Bedouin camp,Wadi Rum,JOD45,1
Bonita Inn,Amman,JOD51,1
Bonita Inn,Amman,JOD51,1
SHMEISANI COZY APARTMENT,Amman,JOD70,1
Farmer stay hostel,Wadi Musa,JOD37,4
Red Mountain Camp,Wadi Rum,JOD10,0
raja Bedouin camp,Wadi Rum,JOD4,5
1 bedroom apartment Tala bay,Aqaba,JOD120,5
Shurooq Shams Hotel & Tours By Sunrise Hotel,Amman,JOD17,3
Razan Hotel,Amman,JOD25,2
Rana Palace,Amman,JOD35,2
Bedouin Mores camp,Wadi Rum,JOD20,4
فيلا للايجار بالقرب من محميه غابات عجلون,Ajloun,JOD150,0
Darkum Apartment,Wadi Musa,JOD47,0
Siveen Hotel,Amman,JOD30,1
**** 2 bedroom apartment _ fully furnished for daily rent,Aqaba,JOD78,1
Desert Story Camp,Wadi Rum,JOD12,3
Tala bay resort Aqaba apartments شاليه في تالا باي العقبه,Aqaba,JOD220,0
"Havana Chalet - 5 star chalet, Sowayma - DeadSea, Jordan",Amman,JOD180,3
super deluxe fully furnished studio 1 bedroom,Aqaba,JOD60,2
Desert Stars Camp Wadi Rum,Wadi Rum,JOD6,4
Qubat Heba Palace QHP,Amman,JOD43,1
Camp trips in the desert and sleep under the stars,Wadi Rum,JOD16,3
Sultana Farm and Villa,Bayyūḑah,JOD140,0
Al Tawheed Hotel Apartments,Amman,JOD19,4
7 Wonders Hotel,Wadi Musa,JOD110,4
Wadi Rum Mashal Camp & Tours,Wadi Rum,JOD2,2
Yasmina Luxury Camp,Wadi Rum,JOD120,0
Al kawther Hotel Apartments,Amman,JOD35,4
DelmonSuites,Amman,JOD30,3
Orient Gate,Wadi Musa,JOD11,2
Wadi Rum Moon Light Camp,Wadi Rum,JOD15,3
Sunrise Hostel,Amman,JOD35,4
Family House in Petra,Wadi Musa,JOD35,2
Bedouin Community Camp,Wadi Rum,JOD3,5
Yalla Mountain Hostel,Wadi Rum,JOD35,1
Wadi Rum Bedoin Homestay,Wadi Rum,JOD35,4
Rum Mountains camp,Wadi Rum,JOD15,3
Bedouin House Camp,Wadi Rum,JOD10,1
Bedouin Traditions Camp,Wadi Rum,JOD30,1
Friend wadi Rum,Wadi Rum,JOD16,3
Rahala Desert Camp,Wadi Rum,JOD50,1
Nonna Aisha B&B,Wadi Musa,JOD43,5
شقة مفروشة في جرش اطلاله رائعه,Jerash,JOD40,0
Jerash Gate,Jerash,JOD25,4
Sand and Stone Camp - Wadi Rum Desert,Wadi Rum,JOD5,3
Piccadilly Hostel,Wadi Musa,JOD12,2
مزرعة وبيت مستقل,Ajloun,JOD70,0
Wadi Rum Maracanã Camp,Wadi Rum,JOD20,5
مزرعة وبيت مفروش,Ajloun,JOD70,5
Wadi rum desert breath,Wadi Rum,JOD25,2
Bedouin Advisor Camp,Wadi Rum,JOD8,3
Mountain slope camp,Wadi Rum,JOD15,5
Wadi Rum Desert Friends,Wadi Rum,JOD3,5
Walid Bedouin Camp,Wadi Rum,JOD20,0
wadi rum Bedouin house,Wadi Rum,JOD2,3
"Luxurious and spacious 3 Bedrooms in Madaba, Jordan",Madaba,JOD72,5
2 Al Nasarah Street,Ash Shumaysānī,JOD25,3
Petra Wonder Home,Wadi Musa,JOD20,4
Moon Way Camp,Wadi Rum,JOD2,2
Wadi Rum originality,Wadi Rum,JOD9,3
Moon valli camp,Wadi Rum,JOD30,0
Al Saadi Furnished Apartments,Amman,JOD41,0
Martian Camp,Wadi Rum,JOD20,3
Petra Antique House,Wadi Musa,JOD30,1
Wadi Rum,Wadi Rum,JOD30,0
Petra Bedouin House 1,Wadi Musa,JOD16,0
Wadi Rum Desert Heart Camp,Wadi Rum,JOD8,1
Hashem tours and camping,Wadi Rum,JOD19,2
Wadi Rum Stars Camp,Wadi Rum,JOD25,4
Wadi Rum Cave Camping,Wadi Rum,JOD36,0
Black Irish Camp And Tours,Wadi Rum,JOD13,3
Mount Dana Hotel,Dana,JOD32,2
WadiRum Adventure camp,Wadi Rum,JOD6,1
Enjoy Desert Camp,Wadi Rum,JOD30,2
Wadi Rum Tours,Wadi Rum,JOD30,2
Apartments,Amman,JOD77,0
Hikaya studios,Wadi Musa,JOD36,3
"Amman, Jordan, Abdoun","Abdoun, Amman",JOD102,1
Khlifat house,Wadi Musa,JOD55,1
الاردن عمان شارع الملكه رانيا العبدالله,Amman,JOD50,1
petra Bedouin House 1,Al Ḩayy,JOD25,2
Royal Luxury Apartments & Studios 2,Amman,JOD40,5
chalet شاليه,Al Kafrayn,JOD250,1
Desert Dream Camp,Wadi Rum,JOD9,3
Omar Ghazi Camp,Wadi Rum,JOD18,5
Wadi Rum Shooting Stars Camp,Wadi Rum,JOD36,2
Town of mount Nebo,Madaba,JOD120,1
Rum Jordan camp,Wadi Rum,JOD17,0
Gardenia Hotel,Amman,JOD40,3
BenHalima hotel suites,Aqaba,JOD40,1
Wadi Rum Pyramid Camp,Wadi Rum,JOD11,0
jordan flower hotel,Aqaba,JOD18,2
Shami Plaza Hotel,Amman,JOD41,3
Bedouin Hala Rum camp,Wadi Rum,JOD13,3
The SanRock Hotel By FHM,Amman,JOD54,4
bedouin history camp and trip,Wadi Rum,JOD27,4
Wadi Rum Desert Wonders,Wadi Rum,JOD7,5
AlBasem Hotel,Amman,JOD48,5
Wadi Rum Bedouin Way Camp,Wadi Rum,JOD3,2
Rumshines Camp,Wadi Rum,JOD25,4
Wadi Rum Starlight Camp,Wadi Rum,JOD15,4
Wadi Rum Starlight Camp,Wadi Rum,JOD15,5
Salem Camp,Wadi Rum,JOD13,5
Madaba Hotel,Madaba,JOD16,5
Marina Plaza Hotel Tala Bay,Aqaba,JOD125,4
"Days Inn Hotel & Suites, Aqaba",Aqaba,JOD37,4
Desert Trips Camp,Wadi Rum,JOD1,1
Luxury Rum Magic,Wadi Rum,JOD32,2
Wadi Rum enchanting nature camp,Wadi Rum,JOD13,3
Sun rise wadi rum camp,Wadi Rum,JOD15,4
Rum Titanic,Wadi Rum,JOD35,0
Wadi Rum Nights,Wadi Rum,JOD3,2
Traditional Bedouin Camp tour,Wadi Rum,JOD6,5
Magic Milky Way Camp,Wadi Rum,JOD16,4
Magic Bedouin nights,Wadi Rum,JOD6,0
Follow Wadi Rum desert,Wadi Rum,JOD8,1
Wadi rum ecco,Wadi Rum,JOD16,5
Bedouin candles with Tour,Wadi Rum,JOD20,4
Moon rum camp,Wadi Rum,JOD8,1
Marlboro home,Wadi Musa,JOD20,4
Bedouin Moon Village - Aqaba,Aqaba,JOD29,4
7th Star Hotel & Suites,Amman,JOD26,3
Al Karwan Hotel Apartments,Amman,JOD25,3
Galaxy Amman Hotel,Amman,JOD28,3
Centro Mada Amman by Rotana,Amman,JOD67,4
Wadi Rum Bedouin Camp and Desert Tours,Aqaba,JOD14,1
Su's AlKursi Kosi Aprartment,Amman,JOD65,3
Wadi Rum Crazy Camel Experience,Wadi Rum,JOD9,0
Havana,Wadi Musa,JOD12,2
Madaba Room rent,Madaba,JOD35,4
Bedu Rum Island Camp,Wadi Rum,JOD21,0
Apartment in W hotel Amman,Amman,JOD94,4
Havana Inn Petra,Wadi Musa,JOD10,4
Madaba Rooms for rent,Kufayrāt Abū Khīnan,JOD39,0
Mohammed abo adam home,Wadi Musa,JOD20,0
Beit Alshabaan Inn,Wadi Musa,JOD45,1
Granja Blanca,Shūnat Nimrīn,JOD260,3
Amazing luxurious cozy apartment in heart of Amman,Amman,JOD90,5
hospitable comfortable guesthouse,Wadi Musa,JOD32,4
Rum Magic Nights,Wadi Rum,JOD28,5
الباشا للشقق المفروشة,Māḩiş,JOD30,4
Rum camp,Wadi Rum,JOD10,1
شاليه ارض الزعفران,Az Zarqa,JOD173,0
Farm 0798815489,Ad Dimnah,JOD30,5
Hisham rum,Wadi Rum,JOD10,0
عمان الاردن المقابلين,Amman,JOD25,3
الطيبه /الحبيس,Aţ Ţayyibah,JOD18,1
Wadi Rum masterpieces,Wadi Rum,JOD10,0
مزرعة البلوط,Ajloun,JOD90,1
Family house in Petra 3,Wadi Musa,JOD19,0
Muhanna Appartments,Irbid,JOD23,5
Family house in Petra 3,Wadi Musa,JOD19,1
Muhanna Appartments,Irbid,JOD23,0
Sahara Rum Glamping,Wadi Rum,JOD468,4
Alwateen home,Wadi Musa,JOD14,4
sul rum,Wadi Rum,JOD2,0
Dahkelallh camp wethtour,Wadi Rum,JOD14,0
عمارة ام قيس الاثرية السياحية,Umm Qays,JOD63,5
Aicha Villa,Wadi Musa,JOD300,1
AlAbedi,Ash Shumaysānī,JOD135,0
شقة ملوكية مفروشة للايجار,Irbid,JOD64,2
Hadrian's Arch,Jerash,JOD15,0
moon magic camp,Wadi Rum,JOD4,1
جبال عجلون,Ajloun,JOD39,1
One Bedroom No18-1 in Amman 7th circle,Amman,JOD28,4
الخليج لشقق المفروشه,Umm Uthainah,JOD25,3
مخيم الشمس الذهبيه في وادي رم,Wadi Rum,JOD30,4
H.mamaya,Amman,JOD10,1
Generous guest house,Wadi Musa,JOD21,0
atoom lodge,Jerash,JOD22,0
التالا بيه,Ma‘ān,JOD96,1
Jaradat farm1,Ad Dimnah,JOD43,5
Modern farm 0798815489,Ad Dimnah,JOD50,5
Wadi Rum Odyssey Camp,Wadi Rum,JOD10,4
Lovely 2 bedroom apartment + with nice patio,Amman,JOD50,4
Modern farm 0798815489,Kerak,JOD26,2
Waseem luxury camp,Wadi Rum,JOD10,4
Jumaah,Ash Shumaysānī,JOD100,4
desert ship,Wadi Rum,JOD2,2
Jumaah,Amman,JOD100,1
AlAbidi,Ash Shumaysānī,JOD100,3
2 Bedroom No18-2 in Amman 7th circle,Umm Uthainah,JOD45,0
Saba'a Hotel,Wadi Musa,JOD20,1
Rainbow House,Amman,JOD23,0
Bedouin guide camp,Wadi Rum,JOD3,4
Petra Jewel Luxury Hotel,Wadi Musa,JOD41,3
Hotels,Irbid,JOD1,5
LILIAN-hostel,Wadi Musa,JOD40,1
Wadirumovernight Camp,Wadi Rum,JOD4,1
Bonsiana Hotel Suites,Amman,JOD25,1
Greenvilla,Amman,JOD150,3
Wadi Rum Spirit CAMP,Wadi Rum,JOD57,1
المحدود الغربي شارع الوسط,Aqaba,JOD12,0
فندق شاطى القمر-Moon Beach,Aqaba,JOD22,2
Ameer apartment,Wadi Musa,JOD22,1
wadi rum billion stars camp,Wadi Rum,JOD2,2
Sami Bedouin camp,Wadi Rum,JOD7,0
Afra Hot Springs Hotel,At-Tafilah,JOD30,1
Wadi Rum Salamah camp,Wadi Rum,JOD8,3
wadi rum desert sun camp,Wadi Rum,JOD15,1
Petra NefNaf,Wadi Musa,JOD10,0
wadi rum desert sun camp,Wadi Rum,JOD15,5
Petra NefNaf,Wadi Musa,JOD10,4
ابو نصير,Ţāb Kirā‘,JOD1,1
Aitch Boutique Hotel - an LIH Hotel,Madaba,JOD47,4
The View,Amman,JOD22,0
SunLight Wadi Rum Camp,Wadi Rum,JOD3,4
Zaid apartment petra,Wadi Musa,JOD17,3
Ayla camp,Wadi Rum,JOD11,3
Ella villa,Amman,JOD315,2
Abu Shammala Hotel,Aqaba,JOD10,4
Oqdeh studio,Jerash,JOD24,5
ستوديو غرفة واحدة بشارع الملكة رانيا مقابل البوابة الرئيسية للجامعة الاردنية,Amman,JOD13,0
Three Bedroom No17 in Amman 7th circle,Amman,JOD45,0
"Ambassador, a Boutique Hotel",Amman,JOD69,4
Moon Wadi Rum Camp,Wadi Rum,JOD8,4
فرح بلازا للشقق المفروشة Farah plaza for furnished apartments,Aqaba,JOD15,4
Aqaba Beach Furnished Apartments,Aqaba,JOD22,1
Rum Island Camp,Wadi Rum,JOD21,2
moon valley camp,Wadi Rum,JOD14,4
العقبة,Aqaba,JOD25,0
75 J Fla تلاع العلي,Amman,JOD30,2
Luxury Tents Wadi Rum,Wadi Rum,JOD121,1
Petra Pillars Hostel,Wadi Musa,JOD24,4
Alsultan Palace hostel,Wadi Musa,JOD27,2
Rum Crown,Wadi Rum,JOD23,3
الدوار السابع,Amman,JOD51,4
al-Qatar mountain camp,Wadi Rum,JOD17,3
الدوار السابع مقابل وزارة العمل,Amman,JOD36,4
Grand View Aqaba,Aqaba,JOD50,1
مزرعه زنون,Abū al Lasan,JOD13,3
EDEN AQABA HOTEL,Aqaba,JOD21,3
Wadi Rum Lunar Camp,Wadi Rum,JOD23,2
Wadi Rum White Mountain Camp,Wadi Rum,JOD14,0
Ahlam Alenzy Camp,Wadi Rum,JOD5,2
Asad Apt.,Wadi Musa,JOD50,2
Aqaba Inn Hotel,Aqaba,JOD27,3
desert man camp & tour,Wadi Rum,JOD20,0
Wadi Rum Wonders,Wadi Rum,JOD9,3
Petra Royal Ranch,Wadi Musa,JOD30,1
Seeq ALbur camp,Wadi Rum,JOD15,4
Wadi Rum Said,Wadi Rum,JOD15,4
Cozy flat,Amman,JOD70,3
Bedouin Yoga Camp Wadi Rum,Wadi Rum,JOD25,3
THE BLUE PEARL,Al Kafrayn,JOD120,3
Shagab House,Amman,JOD25,2
عمان - الدوار السابع - بجانب كوزمو,Amman,JOD55,2
New day,Amman,JOD38,2
Petra Canyon Hotel,Wadi Musa,JOD68,4
Shmeisani Cozy Apartment,Amman,JOD55,5
Wadi Rum Soul Camp,Wadi Rum,JOD25,1
AQABA COAST HOTEL,Aqaba,JOD36,4
Ground Floor Two Bed room Apartment with garden,Aqaba,JOD41,4
Lotus housing for furnished apartments,Jerash,JOD25,1
شاليه للأيجار,Al Burj,JOD112,1
Enjoy in Wadi Rum,Wadi Rum,JOD5,5
Enjoy with sunset,Wadi Rum,JOD10,4
فندق صحارى الخليج Sahara Gulf Hotel Apartments,Amman,JOD50,4
Wadi Rum desert (salem),Wadi Rum,JOD26,3
RUM lifestyle,Wadi Rum,JOD70,4
Wadi Rum Desert Sunset camp,Wadi Rum,JOD5,2
Moon Mountain Camp,Wadi Rum,JOD1,2
The Rock Camp Petra,Wadi Musa,JOD58,5
Wadi Rum Nights camp,Wadi Rum,JOD20,2
Petra Elite Hotel,Wadi Musa,JOD67,4
Value Place,Wadi Musa,JOD30,1
شقة مفروشة فرش فاخر ٣ غرف نوم في طبربور عمان,Amman,JOD40,1
Quiet Nights Desert,Wadi Rum,JOD25,3
Aqapa Coral Apartment,Aqaba,JOD60,1
Abufara home,Amman,JOD17,0
Wadi Rum gta,Wadi Rum,JOD6,1
Art Camp Wadi Rum,Wadi Rum,JOD58,2
Monica bedouin house,Wadi Musa,JOD23,2
wadi rum sweet camp,Wadi Rum,JOD0,1
odeh desert camp,Wadi Rum,JOD1,4
Wade rum,Wadi Rum,JOD20,5
Albasli Bedouin camp,Wadi Rum,JOD10,1
Quite Bedouin Night,Wadi Musa,JOD55,3
Quite Bedouin Night,Wadi Musa,JOD45,4
Wadi Rum Nature Stars Camp,Wadi Rum,JOD20,3
Amman Orchid Hotel,Amman,JOD30,3
Petra Heaven,Wadi Musa,JOD20,1
Shakria Bedouin Life Camp,Wadi Rum,JOD28,2
Mars nights,Wadi Rum,JOD8,4
the prince apartment شقة الامير,Wadi Musa,JOD57,5
Sinam Desert Resort,Wadi Rum,JOD120,3
Down Town Hotel,Aqaba,JOD40,3
DWEKAT,Amman,JOD23,2
Mozoon camp,Aqaba,JOD9,2
Petra Boxtel Hostel,Wadi Musa,JOD14,2
Desert lover camp & toures,Wadi Rum,JOD10,3
Very nice and neat Furnished Studio at Aqaba City Center,Aqaba,JOD43,2
Wadi Rum Bedouin Cave,Wadi Rum,JOD3,1
Happy stay near the ruins of jerash,Jerash,JOD35,3
Euphoria studio,Wadi Musa,JOD24,4
apartment for rent in jerash,Jerash,JOD10,4
Petra Lion Hotel,Wadi Musa,JOD14,2
1955 Heart of Jerash (City View),Jerash,JOD38,4
Jarajreh Apartments/ Hotel,Kerak,JOD40,5
Al Sultana Luxury Camp,Wadi Rum,JOD152,3
Mirage Camp,Wadi Rum,JOD5,2
Shami Plaza Hotel,Amman,JOD41,3
Bedouin Hala Rum camp,Wadi Rum,JOD13,2
Cozy room n nice apartmnt - سكن مشترك,Amman,JOD17,0
Darak hotel,Aqaba,JOD15,2
Why not Bedouin home,‘Ayn Amūn,JOD19,3
Al Jawad Suites,Aqaba,JOD41,0
The SanRock Hotel By FHM,Amman,JOD54,4
bedouin history camp and trip,Wadi Rum,JOD27,1
7 Pillars Camp & Jeep Tour in Wadi Rum desert,Wadi Rum,JOD10,2
Wadi Rum Desert Wonders,Wadi Rum,JOD7,5
Yacht Hotel,Aqaba,JOD20,3
Rum 1000 Night Camp,Wadi Rum,JOD10,0
AlBasem Hotel,Amman,JOD48,2
Wadi Rum Bedouin Way Camp,Wadi Rum,JOD3,3
Rumshines Camp,Wadi Rum,JOD25,5
Enjoy Wadi Rum Bedouin Camp,Wadi Rum,JOD7,4
Al Haneen Hotel Apartments,Amman,JOD25,4
Wadi Rum Starlight Camp,Wadi Rum,JOD15,5
Omaima Hotel Apartments,Amman,JOD30,4
Al Thuraya Hotel,Amman,JOD37,4
Salem Camp,Wadi Rum,JOD13,0
Mina Hotel,Aqaba,JOD40,3
Golden Tulip Aqaba,Aqaba,JOD40,4
Al Qidra Hotel & Suites Aqaba,Aqaba,JOD29,3
Madaba Hotel,Madaba,JOD16,0
Al Qidra Hotel & Suites Aqaba,Aqaba,JOD29,3
Aghadeer Hotel,Amman,JOD35,2
Regency Palace Amman,Amman,JOD73,5
"Days Inn Hotel & Suites, Aqaba",Aqaba,JOD37,4
Marmaris Hotel Apartments,Amman,JOD25,5
Liwan Hotel,Amman,JOD27,3
Rafiki Hostel,Wadi Musa,JOD19,0
mountain village camp- wadi rum,Wadi Rum,JOD30,1
Moab Land Hotel,Madaba,JOD10,1
The Cabin,Amman,JOD20,3
Sydney Hotel,Amman,JOD17,1
Hakaia Community,Aqaba,JOD25,3
The Boutique Hotel Amman,Amman,JOD15,3
The Wanderers,Amman,JOD22,1
Petra Heritage House,Wadi Musa,JOD18,2
rum heritage house,Wadi Rum,JOD14,3
Pizza Street Hostel,Aqaba,JOD16,5
Wadi rum ahmad,Wadi Rum,JOD100,5
Tourism moon valley camp,Wadi Rum,JOD50,4
Wadi Rum Alternative Camp,Wadi Rum,JOD90,0
Retaj Hotel,Amman,JOD70,3
