title,Price,Rating
Amman Petra Full-Day Trip,$98.00,5
Private Full Day Trip to Wadi Rum Valley of Moon Martian Desert from Amman,$128.21,5
"Jerash, Ajloun, and Umm Quais Full-Day Tour",$92.00,4
"Tour To Madaba, Mount Nebo, and Dead Sea from Amman with Lunch",$122.00,4
Amman Petra Full-Day Trip,$98.00,5
Day Tour to Petra from Amman,$183.55,5
"Private Amman, Jerash, and Dead Sea Full-Day Transfers from Amman",$130.00,5
Private Petra Day Trip Including Little Petra from Amman,$160.26,4.5
Petra Day Tour Transfers Only from Amman,$102.00,5
One Day Trip to Jerash & Ajloun Castle,$65.00,4.5
"Private Full Day Tour to Jerash, Madaba, and Mount Nebo from Amman",$134.62,0
"2-Day Petra, Wadi Rum and Dead Sea Tour from Amman",$249.00,5
Petra & Wadi Rum (1 Day Private tour),$369.00,5
Amman Private City Tour,$50.00,4
Private Tour: Madaba - Mount Nebo and the Baptism Site Bethany Beyond the Jordan,$114.00,3
Day Tour to Petra & Wadi Rum from Amman,$196.93,5
"3-Night Private Jordan Golden Triangle Tour: Petra, Wadi Rum, and Aqaba",$649.54,4.5
"3-Night Jordan Private Tour: Petra, Wadi Rum, and the Dead Sea",$663.61,4.5
"3-Day Private Tour from Amman: Petra, Wadi Rum, Dana, Aqaba, and Dead Sea",$480.00,5
Private Walking Tour in Amman With Local,$45.00,4.5
Half Day Private Tour From Amman To Jerash,$92.63,3.5
"Private Day Trip to Jerash, Umm Qais and Ajloun Castle from Amman",$118.00,5
Full-Day Private Tour in Petra with Hotel Pick-Up,$320.52,5
Private Half Day Jerash and Amman Sightseeing Tour,$128.21,5
Private Tour of Ajlun and Jerash,$152.00,5
Day or Night Walking Tour in Downtown With Local,$14.39,5
Private Full Day Trip to Wadi Rum Valley of Moon Martian Desert from Amman,$128.21,5
"Full-Day Tour: Umm Qais, Jerash, and Ajloun from Amman",$95.00,4.5
"Jerash, Ajloun, and Umm Quais Full-Day Tour",$92.00,4
"Tour To Madaba, Mount Nebo, and Dead Sea from Amman with Lunch",$122.00,4
Amman Petra Full-Day Trip,$98.00,5
Day Tour to Petra from Amman,$183.55,5
Private Full-Day Petra Tour with Lunch from Amman,$237.18,3
"Private Amman, Jerash, and Dead Sea Full-Day Transfers from Amman",$130.00,5
Private Petra Day Trip Including Little Petra from Amman,$160.26,4.5
Petra Day Tour Transfers Only from Amman,$102.00,5
One Day Trip to Jerash & Ajloun Castle,$65.00,4.5
Private Day Trip of Jerusalem and Bethlehem from Amman,$442.30,4
"Private Full Day Tour to Jerash, Madaba, and Mount Nebo from Amman",$134.62,0
"Private Full Trip of Madaba City Mosaics,Mount Nebo,Dead Sea & Amman Sightseeing",$128.21,4.5
Tour To Petra From Amman Full-Day,$99.00,4
"2-Day Petra, Wadi Rum and Dead Sea Tour from Amman",$249.00,5
Private Half-Day Tour to the Dead Sea from Amman ,$96.16,4
Petra & Wadi Rum (1 Day Private tour),$369.00,5
Day Tour Desert Castles & Azraq Wetland Reserve,$69.00,5
Amman Private City Tour,$50.00,4
Private Tour: Madaba - Mount Nebo and the Baptism Site Bethany Beyond the Jordan,$114.00,3
Amman Airport Transfer to any Amman Hotel,$28.00,4.5
"Private Tour Madaba, Mount Nebo, Bethany Baptism Site & Dead Sea from Amman",$166.67,5
Transport from Amman Airport to Petra,$150.00,5
"2-Day Petra, Wadi Rum and Dead Sea Tour from Amman",$249.00,5
Private Full Day Trip to Wadi Rum Valley of Moon Martian Desert from Amman,$128.21,5
"Full-Day Tour: Umm Qais, Jerash, and Ajloun from Amman",$95.00,4.5
"Jerash, Ajloun, and Umm Quais Full-Day Tour",$92.00,4
"Tour To Madaba, Mount Nebo, and Dead Sea from Amman with Lunch",$122.00,4
Amman Petra Full-Day Trip,$98.00,5
Day Tour to Petra from Amman,$183.55,5
Private Full-Day Petra Tour with Lunch from Amman,$237.18,3
"Private Amman, Jerash, and Dead Sea Full-Day Transfers from Amman",$130.00,5
Private Petra Day Trip Including Little Petra from Amman,$160.26,4.5
Petra Day Tour Transfers Only from Amman,$102.00,5
One Day Trip to Jerash & Ajloun Castle,$65.00,4.5
Private Day Trip of Jerusalem and Bethlehem from Amman,$442.30,4
"Private Full Day Tour to Jerash, Madaba, and Mount Nebo from Amman",$134.62,5
"Private Full Trip of Madaba City Mosaics,Mount Nebo,Dead Sea & Amman Sightseeing",$128.21,4.5
Tour To Petra From Amman Full-Day,$99.00,4
"2-Day Petra, Wadi Rum and Dead Sea Tour from Amman",$249.00,5
Private Half-Day Tour to the Dead Sea from Amman ,$96.16,4
Petra & Wadi Rum (1 Day Private tour),$369.00,5
Day Tour Desert Castles & Azraq Wetland Reserve,$69.00,5
Amman Private City Tour,$50.00,4
Private Tour: Madaba - Mount Nebo and the Baptism Site Bethany Beyond the Jordan,$114.00,3
Amman Airport Transfer to any Amman Hotel,$28.00,4.5
"Private Tour Madaba, Mount Nebo, Bethany Baptism Site & Dead Sea from Amman",$166.67,3
Transport from Amman Airport to Petra,$150.00,5
Amazing Amman City Tour,$74.99,4.5
Private Full Day Trip to Wadi Rum Valley of Moon Martian Desert from Amman,$128.21,5
"Full-Day Tour: Umm Qais, Jerash, and Ajloun from Amman",$95.00,4.5
"Jerash, Ajloun, and Umm Quais Full-Day Tour",$92.00,4
"Tour To Madaba, Mount Nebo, and Dead Sea from Amman with Lunch",$122.00,4
Amman Petra Full-Day Trip,$98.00,5
Day Tour to Petra from Amman,$183.55,5
Private Full-Day Petra Tour with Lunch from Amman,$237.18,0
"Private Amman, Jerash, and Dead Sea Full-Day Transfers from Amman",$130.00,5
Private Petra Day Trip Including Little Petra from Amman,$160.26,4.5
Petra Day Tour Transfers Only from Amman,$102.00,5
One Day Trip to Jerash & Ajloun Castle,$65.00,4.5
Private Day Trip of Jerusalem and Bethlehem from Amman,$442.30,4
"Private Full Day Tour to Jerash, Madaba, and Mount Nebo from Amman",$134.62,0
"Private Full Trip of Madaba City Mosaics,Mount Nebo,Dead Sea & Amman Sightseeing",$128.21,4.5
Tour To Petra From Amman Full-Day,$99.00,4
"2-Day Petra, Wadi Rum and Dead Sea Tour from Amman",$249.00,5
Private Half-Day Tour to the Dead Sea from Amman ,$96.16,4
Petra & Wadi Rum (1 Day Private tour),$369.00,5
Day Tour Desert Castles & Azraq Wetland Reserve,$69.00,5
Amman Private City Tour,$50.00,4
Private Tour: Madaba - Mount Nebo and the Baptism Site Bethany Beyond the Jordan,$114.00,3
Amman Airport Transfer to any Amman Hotel,$28.00,4.5
"Private Tour Madaba, Mount Nebo, Bethany Baptism Site & Dead Sea from Amman",$166.67,5
Transport from Amman Airport to Petra,$150.00,5
"Full-Day Private Tour to Black Desert, Azraq Oasis and Desert Castles",$180.00,5
Private Full Day Trip to Wadi Rum Valley of Moon Martian Desert from Amman,$128.21,5
"Full-Day Tour: Umm Qais, Jerash, and Ajloun from Amman",$95.00,4.5
"Jerash, Ajloun, and Umm Quais Full-Day Tour",$92.00,4
"Tour To Madaba, Mount Nebo, and Dead Sea from Amman with Lunch",$122.00,4
Amman Petra Full-Day Trip,$98.00,5
Day Tour to Petra from Amman,$183.55,5
Private Full-Day Petra Tour with Lunch from Amman,$237.18,5
"Private Amman, Jerash, and Dead Sea Full-Day Transfers from Amman",$130.00,5
Private Petra Day Trip Including Little Petra from Amman,$160.26,4.5
Petra Day Tour Transfers Only from Amman,$102.00,5
One Day Trip to Jerash & Ajloun Castle,$65.00,4.5
Private Day Trip of Jerusalem and Bethlehem from Amman,$442.30,4
"Private Full Day Tour to Jerash, Madaba, and Mount Nebo from Amman",$134.62,5
"Private Full Trip of Madaba City Mosaics,Mount Nebo,Dead Sea & Amman Sightseeing",$128.21,4.5
Tour To Petra From Amman Full-Day,$99.00,4
"2-Day Petra, Wadi Rum and Dead Sea Tour from Amman",$249.00,5
Private Half-Day Tour to the Dead Sea from Amman ,$96.16,4
Petra & Wadi Rum (1 Day Private tour),$369.00,5
Day Tour Desert Castles & Azraq Wetland Reserve,$69.00,5
Amman Private City Tour,$50.00,4
Private Tour: Madaba - Mount Nebo and the Baptism Site Bethany Beyond the Jordan,$114.00,3
Amman Airport Transfer to any Amman Hotel,$28.00,4.5
"Private Tour Madaba, Mount Nebo, Bethany Baptism Site & Dead Sea from Amman",$166.67,4
Transport from Amman Airport to Petra,$150.00,5
3 Hour Jeep Tour - Wadi Rum Desert Highlights,$35.14,5
Private Full Day Trip to Wadi Rum Valley of Moon Martian Desert from Amman,$128.21,5
"Full-Day Tour: Umm Qais, Jerash, and Ajloun from Amman",$95.00,4.5
"Jerash, Ajloun, and Umm Quais Full-Day Tour",$92.00,4
"Tour To Madaba, Mount Nebo, and Dead Sea from Amman with Lunch",$122.00,4
Amman Petra Full-Day Trip,$98.00,5
Day Tour to Petra from Amman,$183.55,5
Private Full-Day Petra Tour with Lunch from Amman,$237.18,5
"Private Amman, Jerash, and Dead Sea Full-Day Transfers from Amman",$130.00,5
Private Petra Day Trip Including Little Petra from Amman,$160.26,4.5
Petra Day Tour Transfers Only from Amman,$102.00,5
One Day Trip to Jerash & Ajloun Castle,$65.00,4.5
Private Day Trip of Jerusalem and Bethlehem from Amman,$442.30,4
"Private Full Day Tour to Jerash, Madaba, and Mount Nebo from Amman",$134.62,1
"Private Full Trip of Madaba City Mosaics,Mount Nebo,Dead Sea & Amman Sightseeing",$128.21,4.5
Tour To Petra From Amman Full-Day,$99.00,4
"2-Day Petra, Wadi Rum and Dead Sea Tour from Amman",$249.00,5
Private Half-Day Tour to the Dead Sea from Amman ,$96.16,4
Petra & Wadi Rum (1 Day Private tour),$369.00,5
Day Tour Desert Castles & Azraq Wetland Reserve,$69.00,5
Amman Private City Tour,$50.00,4
Private Tour: Madaba - Mount Nebo and the Baptism Site Bethany Beyond the Jordan,$114.00,3
Amman Airport Transfer to any Amman Hotel,$28.00,4.5
"Private Tour Madaba, Mount Nebo, Bethany Baptism Site & Dead Sea from Amman",$166.67,3
Transport from Amman Airport to Petra,$150.00,5
Private Full Day Trip to Wadi Rum Valley of Moon Martian Desert from Amman,$128.21,5
"Full-Day Tour: Umm Qais, Jerash, and Ajloun from Amman",$95.00,4.5
"Jerash, Ajloun, and Umm Quais Full-Day Tour",$92.00,4
"Tour To Madaba, Mount Nebo, and Dead Sea from Amman with Lunch",$122.00,4
Amman Petra Full-Day Trip,$98.00,5
Day Tour to Petra from Amman,$183.55,5
Private Full-Day Petra Tour with Lunch from Amman,$237.18,4
"Private Amman, Jerash, and Dead Sea Full-Day Transfers from Amman",$130.00,5
Private Petra Day Trip Including Little Petra from Amman,$160.26,4.5
Petra Day Tour Transfers Only from Amman,$102.00,5
One Day Trip to Jerash & Ajloun Castle,$65.00,4.5
Private Day Trip of Jerusalem and Bethlehem from Amman,$442.30,4
"Private Full Day Tour to Jerash, Madaba, and Mount Nebo from Amman",$134.62,4
"Private Full Trip of Madaba City Mosaics,Mount Nebo,Dead Sea & Amman Sightseeing",$128.21,4.5
Tour To Petra From Amman Full-Day,$99.00,4
"2-Day Petra, Wadi Rum and Dead Sea Tour from Amman",$249.00,5
Private Half-Day Tour to the Dead Sea from Amman ,$96.16,4
Petra & Wadi Rum (1 Day Private tour),$369.00,5
Day Tour Desert Castles & Azraq Wetland Reserve,$69.00,5
Amman Private City Tour,$50.00,4
Private Tour: Madaba - Mount Nebo and the Baptism Site Bethany Beyond the Jordan,$114.00,3
Amman Airport Transfer to any Amman Hotel,$28.00,4.5
"Private Tour Madaba, Mount Nebo, Bethany Baptism Site & Dead Sea from Amman",$166.67,1
Transport from Amman Airport to Petra,$150.00,5
Private Amman City Sightseeing with Optional Arabic Mezze Lunch and Turkish Bath,$102.57,4
Private Full Day Trip to Wadi Rum Valley of Moon Martian Desert from Amman,$128.21,5
"Full-Day Tour: Umm Qais, Jerash, and Ajloun from Amman",$95.00,4.5
"Jerash, Ajloun, and Umm Quais Full-Day Tour",$92.00,4
"Tour To Madaba, Mount Nebo, and Dead Sea from Amman with Lunch",$122.00,4
Amman Petra Full-Day Trip,$98.00,5
Day Tour to Petra from Amman,$183.55,5
Private Full-Day Petra Tour with Lunch from Amman,$237.18,1
"Private Amman, Jerash, and Dead Sea Full-Day Transfers from Amman",$130.00,5
Private Petra Day Trip Including Little Petra from Amman,$160.26,4.5
Petra Day Tour Transfers Only from Amman,$102.00,5
One Day Trip to Jerash & Ajloun Castle,$65.00,4.5
Private Day Trip of Jerusalem and Bethlehem from Amman,$442.30,4
"Private Full Day Tour to Jerash, Madaba, and Mount Nebo from Amman",$134.62,5
"Private Full Trip of Madaba City Mosaics,Mount Nebo,Dead Sea & Amman Sightseeing",$128.21,4.5
Tour To Petra From Amman Full-Day,$99.00,4
"2-Day Petra, Wadi Rum and Dead Sea Tour from Amman",$249.00,5
Private Half-Day Tour to the Dead Sea from Amman ,$96.16,4
Petra & Wadi Rum (1 Day Private tour),$369.00,5
Day Tour Desert Castles & Azraq Wetland Reserve,$69.00,5
Amman Private City Tour,$50.00,4
Private Tour: Madaba - Mount Nebo and the Baptism Site Bethany Beyond the Jordan,$114.00,3
Amman Airport Transfer to any Amman Hotel,$28.00,4.5
"Private Tour Madaba, Mount Nebo, Bethany Baptism Site & Dead Sea from Amman",$166.67,4
Transport from Amman Airport to Petra,$150.00,5
Private Full Day Trip to Wadi Rum Valley of Moon Martian Desert from Amman,$128.21,5
"Full-Day Tour: Umm Qais, Jerash, and Ajloun from Amman",$95.00,4.5
"Jerash, Ajloun, and Umm Quais Full-Day Tour",$92.00,4
"Tour To Madaba, Mount Nebo, and Dead Sea from Amman with Lunch",$122.00,4
Amman Petra Full-Day Trip,$98.00,5
Day Tour to Petra from Amman,$183.55,5
Private Full-Day Petra Tour with Lunch from Amman,$237.18,2
"Private Amman, Jerash, and Dead Sea Full-Day Transfers from Amman",$130.00,5
Private Petra Day Trip Including Little Petra from Amman,$160.26,4.5
Petra Day Tour Transfers Only from Amman,$102.00,5
One Day Trip to Jerash & Ajloun Castle,$65.00,4.5
Private Day Trip of Jerusalem and Bethlehem from Amman,$442.30,4
"Private Full Day Tour to Jerash, Madaba, and Mount Nebo from Amman",$134.62,3
"Private Full Trip of Madaba City Mosaics,Mount Nebo,Dead Sea & Amman Sightseeing",$128.21,4.5
Tour To Petra From Amman Full-Day,$99.00,4
"2-Day Petra, Wadi Rum and Dead Sea Tour from Amman",$249.00,5
Private Half-Day Tour to the Dead Sea from Amman ,$96.16,4
Petra & Wadi Rum (1 Day Private tour),$369.00,5
Day Tour Desert Castles & Azraq Wetland Reserve,$69.00,5
Amman Private City Tour,$50.00,4
Private Tour: Madaba - Mount Nebo and the Baptism Site Bethany Beyond the Jordan,$114.00,3
Amman Airport Transfer to any Amman Hotel,$28.00,4.5
"Private Tour Madaba, Mount Nebo, Bethany Baptism Site & Dead Sea from Amman",$166.67,1
Transport from Amman Airport to Petra,$150.00,5
Wadi Rum Full Day Jeep Tour - Overnight in Panoramic Tent - Traditional Food,$67.47,5
Private Full Day Trip to Wadi Rum Valley of Moon Martian Desert from Amman,$128.21,5
"Full-Day Tour: Umm Qais, Jerash, and Ajloun from Amman",$95.00,4.5
"Jerash, Ajloun, and Umm Quais Full-Day Tour",$92.00,4
"Tour To Madaba, Mount Nebo, and Dead Sea from Amman with Lunch",$122.00,4
Amman Petra Full-Day Trip,$98.00,5
Day Tour to Petra from Amman,$183.55,5
Private Full-Day Petra Tour with Lunch from Amman,$237.18,2
"Private Amman, Jerash, and Dead Sea Full-Day Transfers from Amman",$130.00,5
Private Petra Day Trip Including Little Petra from Amman,$160.26,4.5
Petra Day Tour Transfers Only from Amman,$102.00,5
One Day Trip to Jerash & Ajloun Castle,$65.00,4.5
Private Day Trip of Jerusalem and Bethlehem from Amman,$442.30,4
"Private Full Day Tour to Jerash, Madaba, and Mount Nebo from Amman",$134.62,0
"Private Full Trip of Madaba City Mosaics,Mount Nebo,Dead Sea & Amman Sightseeing",$128.21,4.5
Tour To Petra From Amman Full-Day,$99.00,4
"2-Day Petra, Wadi Rum and Dead Sea Tour from Amman",$249.00,5
Private Half-Day Tour to the Dead Sea from Amman ,$96.16,4
Petra & Wadi Rum (1 Day Private tour),$369.00,5
Day Tour Desert Castles & Azraq Wetland Reserve,$69.00,5
Amman Private City Tour,$50.00,4
Private Tour: Madaba - Mount Nebo and the Baptism Site Bethany Beyond the Jordan,$114.00,3
Amman Airport Transfer to any Amman Hotel,$28.00,4.5
"Private Tour Madaba, Mount Nebo, Bethany Baptism Site & Dead Sea from Amman",$166.67,0
Transport from Amman Airport to Petra,$150.00,5
